ID,rx_ds,A,B,C,D,E,F,H,I,J,K,L,M,N,R,S,T,V,prediction,prediction_proba
101,450,1,0,1,1,1,0,1,1,0,1,1,1,0,1,1,0,0,0,0.05555555555555555
102,378,0,1,0,1,0,0,1,0,1,1,0,1,1,1,0,1,1,1,1.0
103,512,1,1,1,0,0,1,0,1,0,1,1,1,0,1,0,1,1,0,0.15384615384615385
